file_size_bytes,file_size_label,encrypt_time_sec,decrypt_time_sec,encrypt_speed_MBps,decrypt_speed_MBps,cipher_size_bytes
1024,1KB,0.003255,0.002937,0.3000,0.3325,1040
10240,10KB,0.030283,0.029553,0.3225,0.3304,10256
102400,100KB,0.300475,0.285410,0.3250,0.3422,102416
1048576,1MB,3.023925,2.985085,0.3307,0.3350,1048592
10485760,10MB,29.539897,29.301695,0.3385,0.3413,10485776
