file_size_bytes,file_size_label,encrypt_time_sec,decrypt_time_sec,encrypt_speed_MBps,decrypt_speed_MBps,cipher_size_bytes
1024,1KB,0.003142,0.003108,0.3108,0.3143,1040
10240,10KB,0.034054,0.030584,0.2868,0.3193,10256
102400,100KB,0.343726,0.328557,0.2841,0.2972,102416
1048576,1MB,6.621171,11.119389,0.1510,0.0899,1048592
10485760,10MB,142.316828,103.734117,0.0703,0.0964,10485776
